<?xml version="1.0" encoding="UTF-8"?>
<metadata xml:lang="en"><Esri><CreaDate>20180504</CreaDate><CreaTime>14312500</CreaTime><ArcGISFormat>1.0</ArcGISFormat><SyncOnce>FALSE</SyncOnce><DataProperties><itemProps><itemName Sync="TRUE">TCDSB_GDB.SDE.FAB17_18</itemName><imsContentType Sync="TRUE">002</imsContentType><nativeExtBox><westBL Sync="TRUE">544520.112900</westBL><eastBL Sync="TRUE">715868.118600</eastBL><southBL Sync="TRUE">4793182.238300</southBL><northBL Sync="TRUE">4981654.754600</northBL><exTypeCode Sync="TRUE">1</exTypeCode></nativeExtBox><itemSize Sync="TRUE">1.055</itemSize><itemLocation><linkage Sync="TRUE">Server=GEOCENTRE; Service=sde:sqlserver:GEOCENTRE; Database=TCDSB_GDB; User=sde; Version=sde.DEFAULT</linkage><protocol Sync="TRUE">ArcSDE Connection</protocol></itemLocation></itemProps><coordRef><type Sync="TRUE">Projected</type><geogcsn Sync="TRUE">GCS_North_American_1983</geogcsn><csUnits Sync="TRUE">Linear Unit: Meter (1.000000)</csUnits><projcsn Sync="TRUE">NAD_1983_UTM_Zone_17N</projcsn><peXml Sync="TRUE">&lt;ProjectedCoordinateSystem xsi:type='typens:ProjectedCoordinateSystem' xmlns:xsi='http://www.w3.org/2001/XMLSchema-instance' xmlns:xs='http://www.w3.org/2001/XMLSchema' xmlns:typens='http://www.esri.com/schemas/ArcGIS/10.5'&gt;&lt;WKT&gt;PROJCS[&amp;quot;NAD_1983_UTM_Zone_17N&amp;quot;,GEOGCS[&amp;quot;GCS_North_American_1983&amp;quot;,DATUM[&amp;quot;D_North_American_1983&amp;quot;,SPHEROID[&amp;quot;GRS_1980&amp;quot;,6378137.0,298.257222101]],PRIMEM[&amp;quot;Greenwich&amp;quot;,0.0],UNIT[&amp;quot;Degree&amp;quot;,0.0174532925199433]],PROJECTION[&amp;quot;Transverse_Mercator&amp;quot;],PARAMETER[&amp;quot;False_Easting&amp;quot;,500000.0],PARAMETER[&amp;quot;False_Northing&amp;quot;,0.0],PARAMETER[&amp;quot;Central_Meridian&amp;quot;,-81.0],PARAMETER[&amp;quot;Scale_Factor&amp;quot;,0.9996],PARAMETER[&amp;quot;Latitude_Of_Origin&amp;quot;,0.0],UNIT[&amp;quot;Meter&amp;quot;,1.0],AUTHORITY[&amp;quot;EPSG&amp;quot;,26917]]&lt;/WKT&gt;&lt;XOrigin&gt;-5120900&lt;/XOrigin&gt;&lt;YOrigin&gt;-9998100&lt;/YOrigin&gt;&lt;XYScale&gt;10000&lt;/XYScale&gt;&lt;ZOrigin&gt;0&lt;/ZOrigin&gt;&lt;ZScale&gt;1&lt;/ZScale&gt;&lt;MOrigin&gt;0&lt;/MOrigin&gt;&lt;MScale&gt;1&lt;/MScale&gt;&lt;XYTolerance&gt;0.001&lt;/XYTolerance&gt;&lt;ZTolerance&gt;0.001&lt;/ZTolerance&gt;&lt;MTolerance&gt;0.001&lt;/MTolerance&gt;&lt;HighPrecision&gt;true&lt;/HighPrecision&gt;&lt;WKID&gt;26917&lt;/WKID&gt;&lt;LatestWKID&gt;26917&lt;/LatestWKID&gt;&lt;/ProjectedCoordinateSystem&gt;</peXml></coordRef><lineage><Process ToolSource="c:\program files (x86)\arcgis\desktop10.4\ArcToolbox\Toolboxes\Data Management Tools.tbx\CalculateField" Date="20160429" Time="142309">CalculateField "School Catchment (Data Driven Layer)" tb_path ""O:\Planning\!GIS_Projects\!Student Plots\2015\Oct31\Tables\Tables"&amp; [School]" VB #</Process><Process ToolSource="c:\program files (x86)\arcgis\desktop10.4\ArcToolbox\Toolboxes\Data Management Tools.tbx\CalculateField" Date="20160429" Time="142326">CalculateField "School Catchment (Data Driven Layer)" tb_path ""O:\Planning\!GIS_Projects\!Student Plots\2015\Oct31\Tables\Tables"&amp; [School]&amp;".png"" VB #</Process><Process ToolSource="c:\program files (x86)\arcgis\desktop10.4\ArcToolbox\Toolboxes\Data Management Tools.tbx\CalculateField" Date="20160429" Time="142404">CalculateField "School Catchment (Data Driven Layer)" tb_path_FI ""O:\Planning\!GIS_Projects\!Student Plots\2015\Oct31\Tables\Tables_FI\"&amp; [School]&amp;".png"" VB #</Process><Process ToolSource="c:\program files (x86)\arcgis\desktop10.4\ArcToolbox\Toolboxes\Data Management Tools.tbx\CalculateField" Date="20160429" Time="142429">CalculateField "School Catchment (Data Driven Layer)" tb_path ""O:\Planning\!GIS_Projects\!Student Plots\2015\Oct31\Tables\Tables\"&amp; [School]&amp;".png"" VB #</Process><Process ToolSource="c:\program files (x86)\arcgis\desktop10.4\ArcToolbox\Toolboxes\Data Management Tools.tbx\CalculateField" Date="20160502" Time="105301">CalculateField "School Catchment (Data Driven Layer)" tb_path_FI ""O:\Planning\!GIS_Projects\!Student Plots\2015\Oct31\Tables\Tables_FI\"&amp; [School]&amp;".png"" VB #</Process><Process ToolSource="c:\program files (x86)\arcgis\desktop10.4\ArcToolbox\Toolboxes\Data Management Tools.tbx\CalculateField" Date="20160502" Time="123439">CalculateField "School Catchment (Data Driven Layer)" tb_path_FI ""O:\Planning\!GIS_Projects\!Student Plots\2015\Oct31\Tables\Tables_FI\"&amp; [School]&amp;".png"" VB #</Process><Process ToolSource="c:\program files (x86)\arcgis\desktop10.4\ArcToolbox\Toolboxes\Data Management Tools.tbx\CalculateField" Date="20160502" Time="123532">CalculateField "School Catchment (Data Driven Layer)" tb_path_ES ""O:\Planning\!GIS_Projects\!Student Plots\2015\Oct31\Tables\Tables_ES\"&amp; [School]&amp;".png"" VB #</Process><Process ToolSource="c:\program files (x86)\arcgis\desktop10.4\ArcToolbox\Toolboxes\Data Management Tools.tbx\CalculateField" Date="20160502" Time="133522">CalculateField "School Catchment (Data Driven Layer)" tb_path_FI ""O:\Planning\!GIS_Projects\!Student Plots\2015\Oct31\Tables\Tables_FI\"&amp; [School]&amp;".png"" VB #</Process><Process ToolSource="c:\program files (x86)\arcgis\desktop10.4\ArcToolbox\Toolboxes\Data Management Tools.tbx\CalculateField" Date="20160502" Time="133712">CalculateField "School Catchment (Data Driven Layer)" tb_path_ES ""O:\Planning\!GIS_Projects\!Student Plots\2015\Oct31\Tables\Tables_ES\"&amp; [School]&amp;".png"" VB #</Process><Process Name="Delete Field (4)" ToolSource="c:\program files (x86)\arcgis\desktop10.4\ArcToolbox\Toolboxes\Data Management Tools.tbx\DeleteField" Date="20161019" Time="134222">DeleteField FABs Id;SUPERINTEN;TRUSTEE;Yes_Bounda;MAP_ORIENT;Area_SqM;EF_BDRY;FI_BDRY;EAST_RITE</Process><Process ToolSource="c:\program files (x86)\arcgis\desktop10.4\ArcToolbox\Toolboxes\Data Management Tools.tbx\CalculateField" Date="20161021" Time="114504">CalculateField FABs School !School!.title() PYTHON_9.3 #</Process><Process ToolSource="c:\program files (x86)\arcgis\desktop10.4\ArcToolbox\Toolboxes\Data Management Tools.tbx\CalculateField" Date="20161021" Time="114555">CalculateField FABs School Replace( [School],"St","St." ) VB #</Process><Process ToolSource="c:\program files (x86)\arcgis\desktop10.4\ArcToolbox\Toolboxes\Data Management Tools.tbx\CalculateField" Date="20161201" Time="163413">CalculateField FABs TCDSBCode [TCDSB_Code] VB #</Process><Process ToolSource="c:\program files (x86)\arcgis\desktop10.4\ArcToolbox\Toolboxes\Data Management Tools.tbx\CalculateField" Date="20161221" Time="155525">CalculateField "FABs School Locator 20172018" FI_NOTES_ [FI_NOTES] VB #</Process><Process ToolSource="c:\program files (x86)\arcgis\desktop10.4\ArcToolbox\Toolboxes\Data Management Tools.tbx\CalculateField" Date="20161222" Time="093141">CalculateField FABs_SchoolLocator_20172018 N_FI_BDRY [FI_BDRY_201617] VB #</Process><Process ToolSource="c:\program files (x86)\arcgis\desktop10.4\ArcToolbox\Toolboxes\Data Management Tools.tbx\CalculateField" Date="20161222" Time="093241">CalculateField FABs_SchoolLocator_20172018 FI_NOTES_ [FI_NOTES_201617] VB #</Process><Process ToolSource="c:\program files (x86)\arcgis\desktop10.4\ArcToolbox\Toolboxes\Data Management Tools.tbx\CalculateField" Date="20161222" Time="093302">CalculateField FABs_SchoolLocator_20172018 FI_NOTES_ [FI_NOTES_201617] VB #</Process><Process ToolSource="c:\program files (x86)\arcgis\desktop10.4\ArcToolbox\Toolboxes\Data Management Tools.tbx\CalculateField" Date="20161222" Time="093404">CalculateField FABs_SchoolLocator_20172018 N_FI_BDRY [FI_BDRY_201617] VB #</Process><Process ToolSource="c:\program files (x86)\arcgis\desktop10.4\ArcToolbox\Toolboxes\Data Management Tools.tbx\CalculateField" Date="20161222" Time="093413">CalculateField FABs_SchoolLocator_20172018 N_FI_BDRY [FI_BDRY_201617] VB #</Process><Process ToolSource="c:\program files (x86)\arcgis\desktop10.4\ArcToolbox\Toolboxes\Data Management Tools.tbx\CalculateField" Date="20161222" Time="093440">CalculateField FABs_SchoolLocator_20172018 FI_NOTES_ [FI_NOTES_201617] VB #</Process><Process ToolSource="c:\program files (x86)\arcgis\desktop10.5\ArcToolbox\Toolboxes\Data Management Tools.tbx\RepairGeometry" Date="20170131" Time="150317">RepairGeometry FABs_SchoolLocator_20172018_newFIschools DELETE_NULL</Process><Process ToolSource="c:\program files (x86)\arcgis\desktop10.5\ArcToolbox\Toolboxes\Conversion Tools.tbx\FeatureClassToFeatureClass" Date="20170206" Time="151318">FeatureClassToFeatureClass O:\Planning\!GIS_Projects\2016_Projects\161219_SchoolLocator_2017_Updates\mxds_gdb\FABs_SchoolLocator_20172018.gdb\FABs_SchoolLocator_20172018_newFIschools "Database Connections\Connection to geocentre.sde\TCDSB_GDB.SDE.TCDSB" FABs_20172018 # "TCDSB_Code "TCDSB_Code" true true false 254 Text 0 0 ,First,#,O:\Planning\!GIS_Projects\2016_Projects\161219_SchoolLocator_2017_Updates\mxds_gdb\FABs_SchoolLocator_20172018.gdb\FABs_SchoolLocator_20172018_newFIschools,TCDSB_Code,-1,-1;Trill_Code "Trill_Code" true true false 254 Text 0 0 ,First,#,O:\Planning\!GIS_Projects\2016_Projects\161219_SchoolLocator_2017_Updates\mxds_gdb\FABs_SchoolLocator_20172018.gdb\FABs_SchoolLocator_20172018_newFIschools,Trill_Code,-1,-1;SFIS "SFIS" true true false 254 Text 0 0 ,First,#,O:\Planning\!GIS_Projects\2016_Projects\161219_SchoolLocator_2017_Updates\mxds_gdb\FABs_SchoolLocator_20172018.gdb\FABs_SchoolLocator_20172018_newFIschools,SFIS,-1,-1;BSID "BSID" true true false 254 Text 0 0 ,First,#,O:\Planning\!GIS_Projects\2016_Projects\161219_SchoolLocator_2017_Updates\mxds_gdb\FABs_SchoolLocator_20172018.gdb\FABs_SchoolLocator_20172018_newFIschools,BSID,-1,-1;FDELK_Name "FDELK_Name" true true false 254 Text 0 0 ,First,#,O:\Planning\!GIS_Projects\2016_Projects\161219_SchoolLocator_2017_Updates\mxds_gdb\FABs_SchoolLocator_20172018.gdb\FABs_SchoolLocator_20172018_newFIschools,FDELK_Name,-1,-1;School "School" true true false 254 Text 0 0 ,First,#,O:\Planning\!GIS_Projects\2016_Projects\161219_SchoolLocator_2017_Updates\mxds_gdb\FABs_SchoolLocator_20172018.gdb\FABs_SchoolLocator_20172018_newFIschools,School,-1,-1;N_EF_BDRY "N_EF_BDRY" true true false 50 Text 0 0 ,First,#,O:\Planning\!GIS_Projects\2016_Projects\161219_SchoolLocator_2017_Updates\mxds_gdb\FABs_SchoolLocator_20172018.gdb\FABs_SchoolLocator_20172018_newFIschools,N_EF_BDRY,-1,-1;EF_NOTES "EF_NOTES" true true false 50 Text 0 0 ,First,#,O:\Planning\!GIS_Projects\2016_Projects\161219_SchoolLocator_2017_Updates\mxds_gdb\FABs_SchoolLocator_20172018.gdb\FABs_SchoolLocator_20172018_newFIschools,EF_NOTES,-1,-1;N_FI_BDRY "N_FI_BDRY" true true false 50 Text 0 0 ,First,#,O:\Planning\!GIS_Projects\2016_Projects\161219_SchoolLocator_2017_Updates\mxds_gdb\FABs_SchoolLocator_20172018.gdb\FABs_SchoolLocator_20172018_newFIschools,N_FI_BDRY,-1,-1;tb_path "tb_path" true true false 100 Text 0 0 ,First,#,O:\Planning\!GIS_Projects\2016_Projects\161219_SchoolLocator_2017_Updates\mxds_gdb\FABs_SchoolLocator_20172018.gdb\FABs_SchoolLocator_20172018_newFIschools,tb_path,-1,-1;tb_path_FI "tb_path_FI" true true false 150 Text 0 0 ,First,#,O:\Planning\!GIS_Projects\2016_Projects\161219_SchoolLocator_2017_Updates\mxds_gdb\FABs_SchoolLocator_20172018.gdb\FABs_SchoolLocator_20172018_newFIschools,tb_path_FI,-1,-1;tb_path_ES "tb_path_ES" true true false 150 Text 0 0 ,First,#,O:\Planning\!GIS_Projects\2016_Projects\161219_SchoolLocator_2017_Updates\mxds_gdb\FABs_SchoolLocator_20172018.gdb\FABs_SchoolLocator_20172018_newFIschools,tb_path_ES,-1,-1;TCDSBCode "TCDSBCode" true true false 8 Double 0 0 ,First,#,O:\Planning\!GIS_Projects\2016_Projects\161219_SchoolLocator_2017_Updates\mxds_gdb\FABs_SchoolLocator_20172018.gdb\FABs_SchoolLocator_20172018_newFIschools,TCDSBCode,-1,-1;FI_NOTES_ "FI_NOTES_" true true false 200 Text 0 0 ,First,#,O:\Planning\!GIS_Projects\2016_Projects\161219_SchoolLocator_2017_Updates\mxds_gdb\FABs_SchoolLocator_20172018.gdb\FABs_SchoolLocator_20172018_newFIschools,FI_NOTES_,-1,-1;FI_BDRY_201617 "FI_BDRY_201617" true true false 100 Text 0 0 ,First,#,O:\Planning\!GIS_Projects\2016_Projects\161219_SchoolLocator_2017_Updates\mxds_gdb\FABs_SchoolLocator_20172018.gdb\FABs_SchoolLocator_20172018_newFIschools,FI_BDRY_201617,-1,-1;FI_NOTES_201617 "FI_NOTES_201617" true true false 100 Text 0 0 ,First,#,O:\Planning\!GIS_Projects\2016_Projects\161219_SchoolLocator_2017_Updates\mxds_gdb\FABs_SchoolLocator_20172018.gdb\FABs_SchoolLocator_20172018_newFIschools,FI_NOTES_201617,-1,-1;Shape_Length "Shape_Length" false true true 8 Double 0 0 ,First,#,O:\Planning\!GIS_Projects\2016_Projects\161219_SchoolLocator_2017_Updates\mxds_gdb\FABs_SchoolLocator_20172018.gdb\FABs_SchoolLocator_20172018_newFIschools,Shape_Length,-1,-1;Shape_Area "Shape_Area" false true true 8 Double 0 0 ,First,#,O:\Planning\!GIS_Projects\2016_Projects\161219_SchoolLocator_2017_Updates\mxds_gdb\FABs_SchoolLocator_20172018.gdb\FABs_SchoolLocator_20172018_newFIschools,Shape_Area,-1,-1" #</Process></lineage></DataProperties><SyncDate>20180129</SyncDate><SyncTime>15080700</SyncTime><ModDate>20180129</ModDate><ModTime>15080700</ModTime><scaleRange><minScale>150000000</minScale><maxScale>5000</maxScale></scaleRange><ArcGISProfile>ItemDescription</ArcGISProfile></Esri><dataIdInfo><envirDesc Sync="TRUE"> Version 6.2 (Build 9200) ; Esri ArcGIS 10.5.0.6491</envirDesc><dataLang><languageCode value="eng" Sync="TRUE"/><countryCode value="CAN" Sync="TRUE"/></dataLang><idCitation><resTitle Sync="TRUE">TCDSB_GDB.SDE.FAB17_18</resTitle><presForm><PresFormCd value="005" Sync="TRUE"/></presForm></idCitation><spatRpType><SpatRepTypCd value="001" Sync="TRUE"/></spatRpType><dataExt><geoEle xmlns=""><GeoBndBox esriExtentType="search"><exTypeCode Sync="TRUE">1</exTypeCode><westBL Sync="TRUE">-80.451208</westBL><eastBL Sync="TRUE">-78.263208</eastBL><northBL Sync="TRUE">44.986940</northBL><southBL Sync="TRUE">43.260535</southBL></GeoBndBox></geoEle></dataExt><idAbs>&lt;DIV STYLE="text-align:Left;"&gt;&lt;DIV&gt;&lt;P&gt;&lt;SPAN&gt;Shapefile contains the CURRENT/Immediate changes to Holy Angels, St. Gregory, OLOS (triangle area north of Bloor to HA, little area near golf course to OLOS).&lt;/SPAN&gt;&lt;/P&gt;&lt;P&gt;&lt;SPAN /&gt;&lt;/P&gt;&lt;P&gt;&lt;SPAN&gt;As of March 15, 2016&lt;/SPAN&gt;&lt;/P&gt;&lt;/DIV&gt;&lt;/DIV&gt;</idAbs></dataIdInfo><mdLang><languageCode value="eng" Sync="TRUE"/><countryCode value="CAN" Sync="TRUE"/></mdLang><mdChar><CharSetCd value="004" Sync="TRUE"/></mdChar><distInfo><distFormat><formatName Sync="TRUE">SDE Feature Class</formatName></distFormat><distTranOps><transSize Sync="TRUE">1.055</transSize></distTranOps></distInfo><mdHrLv><ScopeCd value="005" Sync="TRUE"/></mdHrLv><mdHrLvName Sync="TRUE">dataset</mdHrLvName><refSysInfo><RefSystem><refSysID><identCode code="26917" Sync="TRUE"/><idCodeSpace Sync="TRUE">EPSG</idCodeSpace><idVersion Sync="TRUE">6.13(3.0.1)</idVersion></refSysID></RefSystem></refSysInfo><spatRepInfo><VectSpatRep><geometObjs Name="TCDSB_GDB.SDE.FAB17_18"><geoObjTyp><GeoObjTypCd value="002" Sync="TRUE"/></geoObjTyp><geoObjCnt Sync="TRUE">0</geoObjCnt></geometObjs><topLvl><TopoLevCd value="001" Sync="TRUE"/></topLvl></VectSpatRep></spatRepInfo><spdoinfo><ptvctinf><esriterm Name="TCDSB_GDB.SDE.FAB17_18"><efeatyp Sync="TRUE">Simple</efeatyp><efeageom code="4" Sync="TRUE"/><esritopo Sync="TRUE">FALSE</esritopo><efeacnt Sync="TRUE">0</efeacnt><spindex Sync="TRUE">TRUE</spindex><linrefer Sync="TRUE">FALSE</linrefer></esriterm></ptvctinf></spdoinfo><eainfo><detailed Name="TCDSB_GDB.SDE.FAB17_18"><enttyp><enttypl Sync="TRUE">TCDSB_GDB.SDE.FAB17_18</enttypl><enttypt Sync="TRUE">Feature Class</enttypt><enttypc Sync="TRUE">0</enttypc></enttyp><attr><attrlabl Sync="TRUE">OBJECTID_1</attrlabl><attalias Sync="TRUE">FID</attalias><attrtype Sync="TRUE">OID</attrtype><attwidth Sync="TRUE">4</attwidth><atprecis Sync="TRUE">10</atprecis><attscale Sync="TRUE">0</attscale><attrdef Sync="TRUE">Internal feature number.</attrdef><attrdefs Sync="TRUE">Esri</attrdefs><attrdomv><udom Sync="TRUE">Sequential unique whole numbers that are automatically generated.</udom></attrdomv></attr><attr><attrlabl Sync="TRUE">OBJECTID</attrlabl><attalias Sync="TRUE">OBJECTID</attalias><attrtype Sync="TRUE">Integer</attrtype><attwidth Sync="TRUE">4</attwidth><atprecis Sync="TRUE">10</atprecis><attscale Sync="TRUE">0</attscale><attrdef Sync="TRUE">Internal feature number.</attrdef><attrdefs Sync="TRUE">Esri</attrdefs><attrdomv><udom Sync="TRUE">Sequential unique whole numbers that are automatically generated.</udom></attrdomv></attr><attr><attrlabl Sync="TRUE">Shape</attrlabl><attalias Sync="TRUE">Shape</attalias><attrtype Sync="TRUE">Geometry</attrtype><attwidth Sync="TRUE">4</attwidth><atprecis Sync="TRUE">0</atprecis><attscale Sync="TRUE">0</attscale><attrdef Sync="TRUE">Feature geometry.</attrdef><attrdefs Sync="TRUE">Esri</attrdefs><attrdomv><udom Sync="TRUE">Coordinates defining the features.</udom></attrdomv></attr><attr><attrlabl Sync="TRUE">TCDSB_Code</attrlabl><attalias Sync="TRUE">TCDSB_Code</attalias><attrtype Sync="TRUE">String</attrtype><attwidth Sync="TRUE">254</attwidth><atprecis Sync="TRUE">0</atprecis><attscale Sync="TRUE">0</attscale></attr><attr><attrlabl Sync="TRUE">Trill_Code</attrlabl><attalias Sync="TRUE">Trill_Code</attalias><attrtype Sync="TRUE">String</attrtype><attwidth Sync="TRUE">254</attwidth><atprecis Sync="TRUE">0</atprecis><attscale Sync="TRUE">0</attscale></attr><attr><attrlabl Sync="TRUE">SFIS</attrlabl><attalias Sync="TRUE">SFIS</attalias><attrtype Sync="TRUE">String</attrtype><attwidth Sync="TRUE">254</attwidth><atprecis Sync="TRUE">0</atprecis><attscale Sync="TRUE">0</attscale></attr><attr><attrlabl Sync="TRUE">BSID</attrlabl><attalias Sync="TRUE">BSID</attalias><attrtype Sync="TRUE">String</attrtype><attwidth Sync="TRUE">254</attwidth><atprecis Sync="TRUE">0</atprecis><attscale Sync="TRUE">0</attscale></attr><attr><attrlabl Sync="TRUE">FDELK_Name</attrlabl><attalias Sync="TRUE">FDELK_Name</attalias><attrtype Sync="TRUE">String</attrtype><attwidth Sync="TRUE">254</attwidth><atprecis Sync="TRUE">0</atprecis><attscale Sync="TRUE">0</attscale></attr><attr><attrlabl Sync="TRUE">School</attrlabl><attalias Sync="TRUE">School</attalias><attrtype Sync="TRUE">String</attrtype><attwidth Sync="TRUE">254</attwidth><atprecis Sync="TRUE">0</atprecis><attscale Sync="TRUE">0</attscale></attr><attr><attrlabl Sync="TRUE">N_EF_BDRY</attrlabl><attalias Sync="TRUE">N_EF_BDRY</attalias><attrtype Sync="TRUE">String</attrtype><attwidth Sync="TRUE">50</attwidth><atprecis Sync="TRUE">0</atprecis><attscale Sync="TRUE">0</attscale></attr><attr><attrlabl Sync="TRUE">EF_NOTES</attrlabl><attalias Sync="TRUE">EF_NOTES</attalias><attrtype Sync="TRUE">String</attrtype><attwidth Sync="TRUE">50</attwidth><atprecis Sync="TRUE">0</atprecis><attscale Sync="TRUE">0</attscale></attr><attr><attrlabl Sync="TRUE">N_FI_BDRY</attrlabl><attalias Sync="TRUE">N_FI_BDRY</attalias><attrtype Sync="TRUE">String</attrtype><attwidth Sync="TRUE">50</attwidth><atprecis Sync="TRUE">0</atprecis><attscale Sync="TRUE">0</attscale></attr><attr><attrlabl Sync="TRUE">tb_path</attrlabl><attalias Sync="TRUE">tb_path</attalias><attrtype Sync="TRUE">String</attrtype><attwidth Sync="TRUE">100</attwidth><atprecis Sync="TRUE">0</atprecis><attscale Sync="TRUE">0</attscale></attr><attr><attrlabl Sync="TRUE">tb_path_FI</attrlabl><attalias Sync="TRUE">tb_path_FI</attalias><attrtype Sync="TRUE">String</attrtype><attwidth Sync="TRUE">150</attwidth><atprecis Sync="TRUE">0</atprecis><attscale Sync="TRUE">0</attscale></attr><attr><attrlabl Sync="TRUE">tb_path_ES</attrlabl><attalias Sync="TRUE">tb_path_ES</attalias><attrtype Sync="TRUE">String</attrtype><attwidth Sync="TRUE">150</attwidth><atprecis Sync="TRUE">0</atprecis><attscale Sync="TRUE">0</attscale></attr><attr><attrlabl Sync="TRUE">FI_NOTES_</attrlabl><attalias Sync="TRUE">FI_NOTES_</attalias><attrtype Sync="TRUE">String</attrtype><attwidth Sync="TRUE">200</attwidth><atprecis Sync="TRUE">0</atprecis><attscale Sync="TRUE">0</attscale></attr><attr><attrlabl Sync="TRUE">FI_BDRY_20</attrlabl><attalias Sync="TRUE">FI_BDRY_20</attalias><attrtype Sync="TRUE">String</attrtype><attwidth Sync="TRUE">100</attwidth><atprecis Sync="TRUE">0</atprecis><attscale Sync="TRUE">0</attscale></attr><attr><attrlabl Sync="TRUE">FI_NOTES_2</attrlabl><attalias Sync="TRUE">FI_NOTES_2</attalias><attrtype Sync="TRUE">String</attrtype><attwidth Sync="TRUE">100</attwidth><atprecis Sync="TRUE">0</atprecis><attscale Sync="TRUE">0</attscale></attr><attr><attrlabl Sync="TRUE">Shape_STAr</attrlabl><attalias Sync="TRUE">Shape_STAr</attalias><attrtype Sync="TRUE">Double</attrtype><attwidth Sync="TRUE">8</attwidth><atprecis Sync="TRUE">38</atprecis><attscale Sync="TRUE">8</attscale></attr><attr><attrlabl Sync="TRUE">Shape_STLe</attrlabl><attalias Sync="TRUE">Shape_STLe</attalias><attrtype Sync="TRUE">Double</attrtype><attwidth Sync="TRUE">8</attwidth><atprecis Sync="TRUE">38</atprecis><attscale Sync="TRUE">8</attscale></attr><attr><attrlabl Sync="TRUE">F18_FI_BDRY</attrlabl><attalias Sync="TRUE">18_FI_BDRY</attalias><attrtype Sync="TRUE">String</attrtype><attwidth Sync="TRUE">100</attwidth><atprecis Sync="TRUE">0</atprecis><attscale Sync="TRUE">0</attscale></attr><attr><attrlabl Sync="TRUE">F18_FI_Note</attrlabl><attalias Sync="TRUE">18_FI_Note</attalias><attrtype Sync="TRUE">String</attrtype><attwidth Sync="TRUE">150</attwidth><atprecis Sync="TRUE">0</atprecis><attscale Sync="TRUE">0</attscale></attr><attr><attrlabl Sync="TRUE">TCDSBCode</attrlabl><attalias Sync="TRUE">TCDSBCode</attalias><attrtype Sync="TRUE">Double</attrtype><attwidth Sync="TRUE">8</attwidth><atprecis Sync="TRUE">38</atprecis><attscale Sync="TRUE">8</attscale></attr><attr><attrlabl Sync="TRUE">Shape.STArea()</attrlabl><attalias Sync="TRUE">Shape.STArea()</attalias><attrtype Sync="TRUE">Double</attrtype><attwidth Sync="TRUE">0</attwidth><atprecis Sync="TRUE">0</atprecis><attscale Sync="TRUE">0</attscale></attr><attr><attrlabl Sync="TRUE">Shape.STLength()</attrlabl><attalias Sync="TRUE">Shape.STLength()</attalias><attrtype Sync="TRUE">Double</attrtype><attwidth Sync="TRUE">0</attwidth><atprecis Sync="TRUE">0</atprecis><attscale Sync="TRUE">0</attscale></attr></detailed></eainfo><mdDateSt Sync="TRUE">20180129</mdDateSt></metadata>
