ID,ADDRESS_OR_INTERSECTION,POSTAL_CODE,GC_LONGITUDE,GC_LATITUDE
158,2425 Bloor St W,M6S 4W4,-79.48345839,43.649192
224,1012 Pape Ave,M4K 3V9,-79.34878295,43.68876541
604,3265 Bayview Ave,M2K 1G4,-79.39302338,43.79161337
1495,3003 Danforth Ave,M4C 1M9,-79.28869901,43.69064222
1750,5 The Market Pl,M4C 5M2,-79.29211246,43.69593208
1818,3401 Dufferin St,M6A 2T9,-79.45147044,43.72607903
1834,123 Edward St,M5G 1E2,-79.38680081,43.65563759
2279,1032 Pape Ave,M4K 3W2,-79.34917119,43.68955465
2683,154 Ossington Ave,M6J 2Z5,-79.42033521,43.6476748
3061,1584 Bathurst St,M5P 3H3,-79.42008307,43.68661983
3244,1488 Danforth Ave,M4J 1N4,-79.32573499,43.68312876
3285,811 Dundas St W,M6J 1V4,-79.40864991,43.65161786
3376,1115 LodestarRd,M3J 0G9,-79.466467,43.759236
3467,419 Donlands Ave,M4J 3S2,-79.34276269,43.69444909
3798,873 Jane St,M6N 4C4,-79.49441596,43.67723508
3905,1305 Lawrence Ave W,M6L 1A5,-79.47341308,43.70917554
4291,396 Royal York Rd,M8Y 2R5,-79.5000392,43.6193904
4440,255 Morningside Ave,M1E 3E6,-79.18490061,43.77012229
4457,901 Bay St,M5S 3K6,-79.38644797,43.66330534
4465,114 Cumberland St,M5R 1A6,-79.39164185,43.67029042
4580,208 Bloor St W,M5S 3B4,-79.395897,43.66869542
5280,101-2221 Keele St,M6M 3Z5,-79.4755076,43.69896835
5512,264 Bloor St W,M5S 1V8,-79.400399,43.66762424
7070,136 Orton Park Rd,M1G 3H1,-79.20911961,43.77171822
7104,360 Bloor St W,M5S 1X1,-79.40512321,43.66678742
7138,2091 Danforth Ave,M4C 1K1,-79.31232417,43.68555649
7179,45 Overlea Blvd,M4H 1C3,-79.3462589,43.70554671
8136,855 Kingston Rd,M4E 1R9,-79.29089162,43.680112
8219,553 Sammon Ave,M4C 2E1,-79.3255938,43.68864309
8714,90 Eglinton Ave E,M4P 2Y3,-79.39590296,43.70762956
8722,3463 Yonge St,M4N 2N3,-79.4041714,43.73416878
8797,2901 Sheppard Ave E,M1T 3J3,-79.32209692,43.7750538
9118,725 Jane St,M6N 4B3,-79.49309142,43.67062645
9449,1849 Yonge St,M4S 1Y2,-79.3959269,43.69696036
9506,467 Parliament St,M5A 3A3,-79.36753708,43.66402746
9589,1601 Bayview Ave,M4G 3B5,-79.37508559,43.7063546
9852,942 St Clair Ave W,M6C 1C8,-79.43542666,43.67992917
10496,1507 Yonge St,M4T 1Z2,-79.39433154,43.6893876
12112,991 Dovercourt Rd,M6H 2X6,-79.43146765,43.66713518
12401,815 College St,M6G 1C9,-79.42199262,43.65430466
12856,1156 Danforth Ave,M4J 1M3,-79.3333876,43.6815478
13086,333 Symington Ave,M6P 3X1,-79.45123564,43.66646992
13672,1732 St Clair Ave W,M6N 1J1,-79.45993645,43.67443134
13771,1938 Bloor St W,M6P 3K8,-79.4667928,43.65344185
13813,412 Summerhill Ave,M4W 2E4,-79.37641209,43.68613184
14134,408 Roncesvalles Ave,M6R 2M9,-79.45129545,43.65134844
14324,1176 Queen St E,M4M 1L4,-79.33211163,43.66303199
14449,1935 Sheppard Ave W,M3L 1Y8,-79.51132544,43.73924434
14571,2550 Finch Ave W,M9M 2G3,-79.56037778,43.74903345
14795,2299 Dundas St W,M6R 1X7,-79.45265337,43.65555731
14811,1204 King St W,M6K 1G4,-79.42773618,43.63911021
15032,2891 Lake Shore Blvd W,M8V 1J1,-79.50390818,43.60081988
15461,324 Silverthorn Ave,M6N 3K6,-79.46346202,43.68261003
16113,900 Dufferin St,M6H 4A9,-79.43536233,43.65581706
16436,725 College St,M6G 1C5,-79.41909485,43.65428662
16444,152 Carlton St,M5A 2K1,-79.37456316,43.66308721
16568,374 Danforth Ave,M4K 1N8,-79.35220853,43.67775687
16774,751 Pape Ave,M4K 3T1,-79.3450739,43.68031545
16915,20 Bloor St E,M4W 3G7,-79.38544143,43.67076174
16964,600 Sherbourne St,M4X 1W4,-79.37687696,43.67163227
17194,698 Danforth Ave,M4J 1L1,-79.34384035,43.67940923
17533,311 Sherbourne St,M5A 3Y1,-79.37185447,43.66148071
18234,200 Bay St,M5J 2J3,-79.37975382,43.64630054
18507,607 Gerrard St E,M4M 1Y2,-79.35147468,43.66549638
19059,474 College St,M6G 1A4,-79.40933732,43.65640101
19810,1042 Eglinton Ave W,M6C 2C5,-79.43038174,43.70018864
20057,424 Dawes Rd,M4B 2E9,-79.29726222,43.70169359
20156,828 Dundas St W,M6J 1V3,-79.40939696,43.65179172
20693,294 Main St,M4C 4X5,-79.30197102,43.68766139
20768,1025 Gerrard St E,M4M 1Z6,-79.33717309,43.66870017
21246,819 Lansdowne Ave,M6H 3Z2,-79.44427739,43.6625169
21329,800 Bathurst St,M5R 3G1,-79.41166101,43.6655524
21931,2333 Dundas St W,M6R 3A6,-79.45264519,43.65589555
22335,238 Danforth Ave,M4K 1N4,-79.35540857,43.67714828
22509,896 St Clair Ave W,M6C 1C5,-79.43322324,43.68040039
22830,17 Leslie St,M4M 3H9,-79.3289992,43.66090854
22939,2262 Bloor St W,M6S 1N9,-79.47804339,43.65098276
22988,1485 Gerrard St E,M4L 2A4,-79.32006106,43.67245472
23010,126 Lower Sherbourne St,M5A 4J4,-79.36764337,43.64936891
23465,1630 Danforth Ave,M4C 1H6,-79.3222686,43.68396558
24091,1180 Victoria Park Ave,M4B 2K4,-79.29649557,43.70929846
24174,825 Don Mills Rd,M3C 1V4,-79.3389656,43.72201526
24257,302 Spadina Ave,M5T 2E7,-79.39859335,43.65335009
24356,855 Broadview Ave,M4K 2P9,-79.35785967,43.67960378
24372,402 Parliament St,M5A 2Z7,-79.36726559,43.66176897
24810,491 Lawrence Ave W,M5M 1C7,-79.42888804,43.71914106
24851,728 Bloor St W,M6G 1L4,-79.41820429,43.66379266
24869,1568 Queen St E,M4L 1E9,-79.31881296,43.66608865
25338,1473 Danforth Ave,M4J 1N5,-79.32595404,43.68260222
25510,550 Eglinton Ave W,M5N 1B6,-79.41534458,43.70344778
25791,555 University Ave,M5G 1X8,-79.38743746,43.65737215
25833,759 Mount Pleasant Rd,M4S 2N4,-79.38948194,43.70778417
25957,2494 Danforth Ave,M4C 1K9,-79.30372427,43.68803796
26021,970 Queen St E,M4M 1J8,-79.34047701,43.66124104
26120,795 Eglinton Ave E,M4G 4E4,-79.36618805,43.71301125
26799,1460 Queen St W,M6K 1M2,-79.43642673,43.64090438
26807,465 Yonge St,M4Y 1X4,-79.38302867,43.66182269
27508,1500 Avenue Rd,M5M 3X2,-79.41630278,43.72268547
27532,399 Bathurst St,M5T 2S8,-79.40568848,43.65309479
27692,61 Queen St E,Toronto,-79.62054,43.685615
28060,1021 Kingston Rd,M4E 1T5,-79.28476285,43.68063247
28236,959 Broadview Ave,M4K 2R5,-79.35702569,43.682707
28468,799 Bloor St W,M6G 1L8,-79.42134953,43.66271647
28566,360 College St,M5T 1S6,-79.40444693,43.65737885
28596,2238 Dundas St W,M6R 3A9,-79.45149942,43.65438507
28900,260 Spadina Ave,M5T 2E4,-79.39826307,43.65192314
29356,340 College St,M5T 3A9,-79.40346391,43.65758149
29468,29 Roncesvalles Ave,M6R 2K4,-79.44633682,43.63995862
29732,1774 Eglinton Ave W,M6E 2H6,-79.44864098,43.69627356
29924,585 University Ave,M5G 2N2,-79.38914432,43.65816349
29988,431 King St E,M5A 1L5,-79.36157602,43.65352981
30076,2075 Bayview Ave      ,M4N 3M5,-79.37787537,43.72193765
30124,567 Bathurst St,M5S 2P8,-79.40825712,43.65844302
30164,608 Sherbourne St,M4X 1X6,-79.37689723,43.67201746
30268,2077 Weston Rd,M9N 1X7,-79.52244097,43.70215694
30428,1751 Eglinton Ave W,M6E 2H7,-79.4478503,43.69601582
30476,515 St. Clair Ave W,M6C 1A1,-79.41878418,43.68278646
30596,1439 King St W,M6K 1H9,-79.43668259,43.6368405
30932,1560 Yonge St,M4T 2S9,-79.39513015,43.68968694
31276,510 Trethewey Dr,M6M 4C2,-79.48776089,43.69558062
31420,673 College St,M6G 1B9,-79.41712685,43.65500725
31468,1285 Gerrard St E,M4L 1Y5,-79.32820107,43.67075335
31620,547 St. Clair Ave W,M6C 1A3,-79.4206124,43.68243378
31988,842 Gerrard St E,M4M 1Y7,-79.3433066,43.66781519
32452,658 Danforth Ave,M4J 5B9,-79.34464974,43.67921235
32564,856 Eglinton Ave W,M6C 2B6,-79.42603681,43.70112943
32748,19 Davenport Rd,M5R 1J3,-79.389032,43.672761
32756,985 Woodbine Ave,M4C 4B8,-79.31250395,43.68636778
32788,650 Dupont St,M6G 4B1,-79.42100236,43.67214864
32804,351 Christie St,M6G 3C2,-79.42116976,43.67338083
32972,610 University Ave,M5G 2M9,-79.39040828,43.65812981
33284,140 The Esplanade,M5A 4P5,-79.37025666,43.64855702
33308,2280 Dundas St W,M6R 1X4,-79.45054564,43.65482646
33444,1209 King St W,M6K 1G2,-79.42683299,43.63886513
33596,181 Bay St,M5J 2T3,-79.37937378,43.64722301
33612,936 Bloor St W,M6H 1L4,-79.42773669,43.66176382
33628,1218 King St W,M6K 1G4,-79.42815344,43.6390209
33684,525 Dundas St W,M5T 1H4,-79.39896298,43.65249189
33844,2136  Queen St E,M4E 1E3,-79.2936712,43.67159522
33964,30 The Queensway,M6R 1B5,-79.450101,43.63935849
34284,2388 Bloor St W,M6S 1P5,-79.48255095,43.65002283
34492,225 Wellesley St. E.,M4X 1X8,-79.37273841,43.66732467
34524,1235 Bay St,M5R 3K4,-79.38964265,43.67088775
34580,240 Wellesley St E,M4X 1G5,-79.37175537,43.66806791
34644,1649 Dufferin St,M6H 3L9,-79.44250139,43.67730544
34844,811a Queen St E,M4M 1H8,-79.34492902,43.65960552
34852,2345 Yonge St,M4P 1E4,-79.39793609,43.70895956
35164,11 Redway Rd,M4H 1P6,-79.36015997,43.69997345
35292,6220 Yonge St,M2M 3X4,-79.42191127,43.79474622
35346,1615 Dufferin St,M6H 3L9,-79.4422745,43.67662666
35396,1263 St Clair Ave W,M6E 1B8,-79.44663868,43.67692231
35836,2700 Dufferin St,M6B 4J3,-79.45399295,43.7017135
35964,25 Overlea Blvd,M4H 1P9,-79.34981987,43.70435929
36004,1366 Yonge St,M4T 3A7,-79.39359243,43.68603864
36348,30 Bond St       ,M5B 1W8,-79.37768251,43.65365547
36436,66 Wellington St W,M5K 1A1,-79.3812248,43.64723088
36492,2159 Weston Rd,M9N 1X8,-79.52496568,43.70318024
36556,10 Lower Jarvis St,M5E 1Z2,-79.36987821,43.64449046
37060,3671 Dundas St W,M6S 2T3,-79.49587019,43.66544274
37244,3003 Danforth Ave,M4C 1M9,-79.28869901,43.69064222
37324,586 Eglinton Ave E,M4P 1P2,-79.37963695,43.71090461
37364,6620 Finch Ave W,M9V 5H7,-79.60230488,43.73513752
37436,755 Danforth Ave,M4J 1L2,-79.34226695,43.67920203
37980,396 St Clair Ave W,M5P 3N3,-79.41530793,43.68408377
38188,80 Front St E,M5E 1T4,-79.37294999,43.64949761
38420,50 Musgrave St,M4E 3W2,-79.2882192,43.68799083
38460,80 Finch Ave West,M2N 2H4,-79.42257257,43.77850674
38620,5095 Yonge St,M2N 6Z4,-79.41227833,43.76828884
38740,343 Wilson Ave,M3H 1T1,-79.43584148,43.73676664
38892,2440 Dundas St W,M6P 1W9,-79.45295357,43.65911978
39036,1533 Jane St,M9N 2R2,-79.50188855,43.69706752
39052,100 Billy Bishop Way,M3K 2C8,-79.45581442,43.73105161
39092,449 Carlaw Ave,M4K 3H9,-79.34275343,43.66830329
39220,528 College St,M6G 1A6,-79.41093226,43.65607714
39756,463 College St,M6G 4C1,-79.40852241,43.65610061
39884,2920 Sheppard Ave E,M1T 3J4,-79.32225175,43.7759612
40092,2575 Danforth Ave,M4C 1L5,-79.3003204,43.68820139
40252,585 University Ave,M5G 2N2,-79.38914432,43.65816349
40340,196 Wilson Ave,M5M 4N7,-79.42389033,43.73979714
40380,901 King St W,M5V 3H5,-79.41125002,43.64188101
40396,2155 St Clair Ave W,M6N 1K5,-79.47317365,43.66965115
40420,817 Yonge St,M4W 2G9,-79.38746816,43.67249379
40700,1901 Weston Rd,M9N 3P5,-79.51599334,43.70058906
300012,3685 Keele St,M3J 3H6,-79.48772248,43.75407674
300075,1 York St,M5J 2Y2,-79.38057986,43.64134384
300097,222 Lansdowne Ave,M6K 3C6,-79.44069862,43.6495619
300108,100 Lynn Williams St,M6K 3N6,-79.41786756,43.639949
300144,1450 Lawrence Ave E,M4A 2S8,-79.31040971,43.74245574
300176,1500 Woodbine Ave,M4C 4G9,-79.31921775,43.69924969
300273,343 Coxwell Ave,M4L 3B5,-79.31992934,43.67520674
300274,1637 Dundas St W,M6K 1V2,-79.43626669,43.64978349
300298,51 Gerry Fitzgerald Dr,M3J 3N4,-79.47151375,43.78482699
300315,388 King St W,M5V 1K2,-79.39274188,43.64632871
300320,473 Church St,M4Y 2C5,-79.38010303,43.66451758
300339,325 Queen St E,M5A 1S9,-79.36535407,43.65520721
300343,4949 Bathurst St,M2R 1Y1,-79.44238476,43.77436455
300357,129 Dundas St E,M5B 2N6,-79.37616009,43.65656703
300376,2245 Islington Ave,M9W 3W7,-79.55359832,43.71417662
300377,1018 Pape Ave,M4K 3V9,-79.34901873,43.68900726
300393,292 Dupont St,M5R 1V9,-79.4079173,43.67494337
300436,2525 St Clair Ave W,M6N 4Z5,-79.48530494,43.66806689
300535,2130 Lawrence Ave E,M1R 3A6,-79.28734356,43.74753914
300542,900 Albion Rd,M9V 1A5,-79.55933958,43.73535982
300599,4990 Yonge St,M2N 0A1,-79.41247433,43.765808
300627,2086 Lawrence Ave W,M9N 3Z9,-79.51846604,43.69988633
300638,1700 Eglinton Ave E,M4A 2X4,-79.31186111,43.72657334
300667,25 Photography Dr,M6M 0A1,-79.48376795,43.68677217
300679,2930 Islington Ave,M9L 2K5,-79.56973401,43.75651206
300689,12 Flemington Rd,M6A 2N4,-79.44495854,43.71953287
300690,576 Rogers Rd,M6M 1B6,-79.47132918,43.68238268
300744,3 The Links Rd,M2P 1T7,-79.40293,43.749652
300862,790 Bay St,M5G 1N8,-79.38617832,43.66045455
300895,2549 Weston Rd,M9N 2A7,-79.53385393,43.70995862
300911,700 University Ave,M5G 1Z5,-79.39119131,43.65901631
300933,3170 Eglinton Ave E,M1J 2H3,-79.22143164,43.74327021
300999,348 Wilson Ave,M3H 1S9,-79.4381131,43.73684851
301086,946 Lawrence Ave E,M3C 1R1,-79.34596187,43.73712403
301089,605 Rogers Rd,M6M 1B9,-79.47451335,43.68161883
301105,130 Industry St,M6M 5G3,-79.49507291,43.69467239
301110,491 Eglinton Ave W,M5N 1A8,-79.41285154,43.7034636
301161,1015 Lake Shore Blvd E,M4M 1B4,-79.3299163,43.65798288
301183,700 Lawrence Ave W,M6A 3B4,-79.44743415,43.71693493
301199,2200 Martin Grove Rd,M9V 5H9,-79.59916507,43.7516287
301202,145 Marlee Ave,M6B 3H3,-79.44103039,43.70326335
301283,29 Toronto St,L9P 1V9,-79.122659,44.107756
301294,2040 Victoria Park Ave,M1R 1V2,-79.31388219,43.75259662
301314,6023 Yonge St,M2M 3W2,-79.41754461,43.78928362
301330,10 Dundas St E,M5B 2G9,-79.38069137,43.65669295
301405,2111 Jane St,M3M 1A2,-79.5078029,43.71897714
301440,180 Danforth Ave.,M4K 1N1,-79.35701011,43.67689898
301566,347 Spadina Ave.,M5T 2G3,-79.3986705,43.65528165
301574,650 Sheppard Ave. E,M2K 3E4,-79.38143225,43.76858557
301621,825 Coxwell Ave,M4C 3E7,-79.324954,43.689832
301710,3630 Victoria Park Ave.,M2H 3B2,-79.33883491,43.80710843
301724,1263 Wilson Ave,M3M 3G3,-79.49158877,43.72427552
301774,3341 Markham Rd,M1X 0A5,-79.25044607,43.83564572
301830,10 Northtown Way,M2N 7L4,-79.41324087,43.77582619
301835,4G Spadina Ave,M5V 3Z9,-79.393614,43.64100349
301846,1265 Morningside Ave,M1B 3V9,-79.19944828,43.80255167
301877,333 Bay St,M5H 2R2,-79.38035554,43.65037603
301914,872 Sheppard Ave W,M3H 5V5,-79.45422735,43.75247822
301922,62 Overlea Blvd,M4H 1C4,-79.3434811,43.70779364
302027,260 Queen Street West,M5V 1Z8,-79.39188751,43.64989158
302055,1278 The Queensway,M8Z 1S3,-79.52658013,43.62135363
302078,3551 Sheppard Ave E,M1T 3K8,-79.29973865,43.78025438
302094,14 Isabella St,M4Y 1N1,-79.38507935,43.66791658
302118,15 York St,M5J 0A3,-79.38087131,43.64234783
302196,69 Queen St E,M5C 1R8,-79.37606864,43.65289437
302225,918 Kingston Rd,M4E 1S5,-79.28913041,43.68056066
302250,200 Front St. E,M5A 4T9,-79.36632346,43.65110089
302339,3352 Keele St,M3J 1L5,-79.48709092,43.74604608
302379,4113 Lawrence Ave. E,M1E 2S2,-79.1942677,43.76639104
302413,3366 Yonge St,M4N 2M7,-79.40449277,43.73232214
302428,720 Spadina Ave ,M5S 2T9,-79.40362059,43.6652906
302435,2284 Kingston Rd.,M1N 1T9,-79.25235217,43.70544747
302440,236 Bloor St. W,M5S 1T8,-79.39699212,43.6683761
302465,1288 Danforth Ave,M4J 1M6,-79.33024015,43.68218469
302472,1678 Dufferin St,M6H 3M1,-79.44319925,43.67759378
302500,1 Oak St,M5A 0A1,-79.36606947,43.66064053
302512,1705 St Clair Ave W,M6N 1J2,-79.45940558,43.67406223
302526,1262 Don Mills Rd,M3B 2W6,-79.34647152,43.74472178
302530,60 Carlton St,M5B 1J2,-79.380033,43.66206094
302531,585 Queen St W,M5V 2B7,-79.40159625,43.647554
302536,18 Lower Jarvis St,M5E 1N1,-79.37088216,43.6475037
302552,171 East Liberty St,M6K 3P6,-79.41779587,43.63832458
302603,6230 Finch Ave W,M9V 0A1,-79.58945422,43.74197669
302617,3857 Lake Shore Blvd W,M8W 0A2,-79.54506687,43.58999929
302650,491 Church St.,M4Y 2C6,-79.38049226,43.66519624
302660,3323 Bathurst St,M6A 2B7,-79.43093572,43.7253807
302676,2928 Danforth Ave,M4C 1M1,-79.2935332,43.69027902
302694,2428 Islington Ave,M9W 3X8,-79.55994053,43.72351819
302697,1871 Danforth Ave,M4C 1J3,-79.31727385,43.68449921
302704,295 College St,M5T 1S2,-79.40122993,43.65747672
302740,787 Lawrence Ave W ,M6A 1C2,-79.45393839,43.71382146
302750,3480 Lawrence Ave E,M1H 1A9,-79.22695131,43.75979712
302792,5818 Sheppard Ave. E.,M1B 4Z6,-79.23021648,43.79634338
302809,2202 Jane St,M3M 1A4,-79.51075502,43.7221628
302830,2438 Lake Shore Blvd.,M8V 1C4,-79.489269,43.61426
302836,1577 Danforth Ave,M4C 1H7,-79.32304618,43.68318064
302853,1033 Queen St W,M6J 0A6,-79.41943856,43.64375287
302870,5468 Dundas Street West,M9B 6E3,-79.54465127,43.63282449
302876,220 Yonge St,M5B 2H1,-79.38011298,43.65367797
302882,93 Laird Dr,M4G 3T7,-79.35950035,43.70660724
302883,5460 Yonge St,M2N 6K7,-79.41552807,43.77721381
302890,2558 Danforth Ave,M4C 1L3,-79.30177034,43.68847089
302929,1575 Lawrence Ave W,M6L 1C3,-79.48854409,43.70579313
302931,14 College Street,M5G 1K2,-79.3839409,43.66148765
302936,553 St Clair Ave W,M6C 1A3,-79.42083895,43.68237655
302937,2300 Finch Avenue West,M9M 2Y3,-79.54227276,43.75361963
302945,1000 Gerrard St E,M4M 3G6,-79.33929344,43.66941811
302947,565 Sherbourne St,M4X 1W7,-79.3754306,43.66996097
302966,1118 Victoria Park Ave,M4B 2K3,-79.29624739,43.70793715
302974,2343 Eglinton Ave W,M6E 2L6,-79.46266418,43.69264528
302987,1 St Dennis Dr,M3C 1G7,-79.336212,43.716013
302991,243 Eglinton Ave W,M4R 1B1,-79.40663862,43.70480385
302998,585 University Ave,M5G 2N2,-79.38914432,43.65816349
303016,1145 Morningside Ave,M1B 0A7,-79.19917875,43.80125262
303023,1473 Eglinton Ave W,M6E 2G6,-79.43925082,43.69785539
303028,3276 St. Clair Ave E,M1L 1W1,-79.28519623,43.71395939
303037,457 Parliament Street,M5A 3A3,-79.36746088,43.66367833
303050,2416 Danforth Ave.,M4C 1K9,-79.30502318,43.68775201
303052,750 Dundas St W,M6J 3S3,-79.40643593,43.65239427
303072,417 Spadina Rd,M5P 2W3,-79.4124512,43.68885867
303076,2737 Keele St,M3M 2E9,-79.48060673,43.7258079
303114,2394 Keele St,M6M 4A5,-79.47825983,43.70792675
303157,599 Parliament St,M4X 1W3,-79.36912657,43.66783879
303160,2772 Danforth Ave,M4C 1L7,-79.29698617,43.68955051
303161,410 Sherbourne St,M4X 1K2,-79.37419846,43.66472494
303192,1908 Gerrard St E,M4L 2C1,-79.31225625,43.6804614
303202,11 Newton Dr,M2M 2M6,-79.41778326,43.79296798
303219,958 Bloor St W,M6H 1L6,-79.42877538,43.66161579
303231,770 Lawrence Ave. W,M6A 3C6,-79.45237316,43.71520153
303233,3874 Bathurst St,M3H 3N3,-79.43532539,43.74120394
303250,3333 Brimley Rd,M1V 2J7,-79.28365708,43.82112967
303251,35 Lower Simcoe St,M5J 3A6,-79.38356468,43.64193682
303254,266 Donlands Ave,M4J 5B1,-79.3419083,43.68965629
303285,844 Bathurst St,M5R 3G1,-79.41204893,43.66628288
303332,2600 Eglinton Ave W,M6M 1T5,-79.47300913,43.69084776
303393,2010 Eglinton Ave W,M6E 2K3,-79.45551285,43.69485485
303396,622 College St,M6G 1B4,-79.4149733,43.65532478
303403,2355 Keele St,M6M 4A1,-79.47747814,43.70767495
303410,55 Dundas Street East,M5B 1C6,-79.37871459,43.65594573
303411,2047 Avenue Rd,M5M 4A7,-79.41975223,43.73628545
303413,1865 Lawrence Ave E,M1R 2Y3,-79.30226067,43.74336213
303427,761 King St W,M5V 1N4,-79.40585197,43.64306213
303435,149C Ravel Road,M2H 1T1,-79.36724946,43.7911406
303475,565 College St,M6G 1B2,-79.41270667,43.65526475
303487,2480 Eglinton Ave East,M1K 2R4,-79.25961533,43.73494926
303505,1929 Bayview Ave,M4G 3E8,-79.37752723,43.71733956
303523,1646 Victoria Park Ave,M1R 1P7,-79.30584849,43.73093111
303547,81 St Clair Ave E,M4T 1M7,-79.39036151,43.68867458
303568,99 Firvalley Court,M1L 1P2,-79.27790887,43.70335046
303578,1260 Kennedy Rd,M1P 2L3,-79.27843827,43.7569709
303592,1168A Dundas Street W,M6J 1X4,-79.42196572,43.64952176
303631,436 Dundas St. W,M5T 1G7,-79.39571835,43.6537564
303643,550 Queens Quay W,M5V 3M8,-79.39615515,43.6371859
303652,3094 Danforth Ave,M1L 1B1,-79.288169,43.69149
303656,801 Eglinton Ave West,M5N 1E1,-79.42449301,43.70103048
303693,25 Howard St,M4X 1J6,-79.37506162,43.67110743
303694,1254 Bloor St W,M6H 1N5,-79.44037356,43.6590198
303700,1386 Queen St W,M6K 1L7,-79.43366447,43.64139168
303702,1240 Bay St,Toronto,-79.390164,43.6703
303705,2830 Keele St,M3M 3E5,-79.48344298,43.7305081
303712,2978 Danforth Ave,M4C 1M6,-79.29195278,43.69062525
303730,2081 Lakeshore Blvd W,M8Y 3Z4,-79.47647158,43.63030136
303760,124 Belfield Rd,M9W 1G1,-79.57465726,43.70315033
303775,842 Wilson Ave,M3K 1E5,-79.46738418,43.73081245
303789,1001 Queen St W,M6J 1H4,-79.41808797,43.64403339
303818,836 Bloor St. West,M6G 1M2,-79.42379261,43.66258416
303853,2760 Yonge St,M4N 2J2,-79.40123194,43.7186666
303878,481 Dundas St W,M5T 1H1,-79.39724958,43.65300069
303879,909 Queen St E,M4M 1J4,-79.34149527,43.66054315
303891,399 Church St.,M5B 2J6,-79.37893655,43.66179349
303901,1068 Danforth Avenue,M4J 1M2,-79.33564622,43.68106242
303922,5113 Sheppard Ave E,Toronto,-79.376342,43.652804
303924,721 Gerrard St E,M4M 1Y5,-79.34781639,43.66633643
303933,1575 Jane Street,M9N 2R3,-79.5023861,43.69919699
303937,3245 Finch Ave E,M1W 4C1,-79.3200382,43.79533717
303946,332 Oakwood Ave,M6E 2V9,-79.43851019,43.68604686
303955,245 Eglinton Ave    E ,M4P 3B7,-79.38954788,43.70826064
303996,20 Wynford Drive,M3C 1J4,-79.33632887,43.72396733
303997,3757 Keele St,M3J 1N4,-79.48890534,43.75782484
304025,125 Norfinch Dr,M3N 1W8,-79.52885245,43.76259458
304037,2045 Dufferin St,M6E 3R4,-79.44620286,43.68644277
304065,56 Westmore Drive,M9V 1C3,-79.60373183,43.73989258
304069,2209 Bloor St W,M6S 1N5,-79.47579343,43.65103032
304097,2306 Keele Street,M6M 3Z8,-79.47717637,43.70334276
304152,1111 Finch Ave W,M3J 2E5,-79.47392959,43.76595048
304163,5359 Dundas St W,M9B 1B1,-79.53991279,43.63575863
304186,2883 Danforth Avenue,M4C 1M3,-79.29455116,43.68966193
304194,2 Champagne Drive,M3J 2C5,-79.47234025,43.76642706
304199,620 Keele St,M6N 3E2,-79.46785467,43.67160775
304224,1290 Bloor Street West,M6H 1N9,-79.44203742,43.65865399
304231,3424 Weston Rd,M9M 2W1,-79.54239103,43.75044831
304256,390 Queens Quay W,M5V 3A6,-79.39068763,43.6381328
304260,77 Provost Dr,M2K 0B7,-79.37047325,43.76915976
304323,1450 O'Connor Drive,M4B 2T8,-79.30680033,43.71366175
304324,1173 Queen St W,M6J 1J4,-79.42601192,43.64258969
304336,589 King St E,M5A 1M6,-79.35645346,43.65640525
304398,718 Yonge St,M4Y 2B3,-79.38626668,43.66836969
304403,28 Overlea Blvd,M4H 1B6,-79.35000781,43.70554064
304419,75 Lesmill Rd,M3B 2T8,-79.35642076,43.75912192
304435,170 Fort York Blvd,M5V 0E6,-79.39978624,43.63939414
304436,500 King St W,M5V 1L9,-79.39680837,43.64532424
304446,2223 Bloor St W,M6S 1N7,-79.47647642,43.65093791
304447,449 Queen St W,M5V 2A9,-79.39690479,43.64848563
304488,255 Broadview Ave,M4M 2G6,-79.35118605,43.66296044
304497,1967 Queen St E,M4L 1H9,-79.30146094,43.66956505
304516,685 Kennedy Rd,M1K 2B8,-79.26554078,43.72725021
304523,499 College St,M6G 1A5,-79.40969253,43.65577762
304535,1920 Yonge St,M4S 3E2,-79.39728018,43.69877947
304585,403 Parliament St,M5A 3A1,-79.36687793,43.66216542
304601,524 Queen St W,M5V 2B5,-79.40233593,43.6478024
304605,2688 Danforth Ave,M4C 1L7,-79.29883558,43.68904931
304613,795 Broadview Ave,M4K 2P8,-79.35832244,43.67770978
304700,743 Broadview Ave,M4K 2P6,-79.35809677,43.6757904
304713,1488 Queen St W,M6K 1M4,-79.4377157,43.6406585
304727,209 Ellesmere Rd,M1R 4E2,-79.30296244,43.76046396
304774,1351 Yonge St,M4T 1X9,-79.39300402,43.686104
304775,1670 Dufferin St,M6H 3M2,-79.44324906,43.67741415
304790,343 College St,M5T 1S5,-79.40323399,43.65712503
304795,69 Yonge St,M5E 1K3,-79.37753645,43.64892786
304799,593 Dundas St E,M5A 0C7,-79.3612729,43.66030581
304821,1881 Yonge St,M4S 3C4,-79.39605811,43.69772865
304834,688 Coxwell Ave,M4C 3B7,-79.32369793,43.68263375
304835,997 Gerrard St E,M4M 1Z4,-79.3380462,43.66848739
304966,290 Shuter St,M5A 1W7,-79.36557716,43.65698971
304980,18 Yonge St,M5E 1Z8,-79.37647732,43.64454121
305080,65 Overlea Blvd,M4H 1P1,-79.34265487,43.70736138
305090,2000 Queen St E,M4L 1J2,-79.30018612,43.67017571
305097,1859 Leslie Street,M3B 2M1,-79.35962842,43.75457642
305190,130 Kingston Rd,M4L 1S7,-79.31135102,43.67050993
305194,3446 Dundas St W,M6S 2S1,-79.48660882,43.66587863
305219,30 Bond St,M5B 1W8,-79.37768251,43.65365547
305221,555 University Ave,M5G 1X8,-79.38743746,43.65737215
305227,1840 Eglinton Ave W,M6E 2J4,-79.45087401,43.69580888
305244,440 Browns Line,M8W 3T9,-79.54575814,43.60196066
305246,807 Broadview Ave,M4K 2P8,-79.35820273,43.67793332
305250,249 Marlee Ave,M6B 4B8,-79.44211231,43.70588251
305288,63 Wellesley St E,M4Y 1G7,-79.38131824,43.66543661
305291,539 Parliament St,M4X 1P7,-79.36847237,43.66604078
305292,595 Bay St,M5G 2C2,-79.38330106,43.65622103
305293,393 Spadina Rd,M5P 2W1,-79.41238387,43.68850195
305294,2409 Dufferin St,M6E 3X7,-79.45072166,43.69753619
305295,1725 Avenue Rd,M5M 3Y5,-79.41786672,43.72873314
305297,4789 Yonge St,M2N 0G3,-79.41016374,43.76134607
305309,2300 Yonge St,M4P 1E4,-79.39908353,43.70715757
305323,474 Spadina Ave,M5T 2G8,-79.40037723,43.65773103
305327,250 University Ave,M5H 3E5,-79.38702185,43.65042205
305328,1421 Dundas St W,M6J 1Y4,-79.42927722,43.64937058
305329,87 Avenue Rd,M5R 3R9,-79.3951885,43.67202526
305341,1245 Dupont St,M6H 2A6,-79.44175752,43.66751822
305359,901 Eglinton Ave W,M6C 2C1,-79.42750585,43.7004845
305374,3701 Lakeshore Blvd W,M8W 1P8,-79.53843069,43.59299828
305391,600 University Ave,M5G 1X5,-79.3904451,43.65753641
305393,199 Bay St,M5L 1E7,-79.37956515,43.64823459
305403,55 Bloor St W,M4W 1A5,-79.38868796,43.66964117
305411,345 Bloor St E,M4W 3J6,-79.37797924,43.67154286
305414,325 Moore Ave,M4G 3T6,-79.36950845,43.69696902
305427,660 Eglinton Ave E,M4G 2K2,-79.37621066,43.71175889
305435,777 Bay St,M5G 2C8,-79.38538208,43.66064293
305439,200 Wellington St W,M5V 3C7,-79.38784946,43.6458617
305441,120 Adelaide St W,M5H 1T1,-79.38320322,43.6500138
305443,3402 Yonge St,M4N 2M9,-79.40451173,43.73299384
305444,288 Sheppard Ave E,M2N 3B1,-79.39801176,43.7646514
305447,100 King Street,M5X 1C8,-79.51616653,43.70586777
305478,63 Front St E,M5E 1B3,-79.3738674,43.64817413
305480,159 Yonge St,M5C 1X7,-79.37885765,43.65197713
305482,88 Queens Quay West,M5J 0B8,-79.37870739,43.64084997
305483,76 Grenville St,M5S 1B2,-79.38737861,43.66151718
305485,1235 Wilson Ave,M3M 0B2,-79.48921562,43.72425819
305542,1115 Wilson Ave,M3M 1H2,-79.48297285,43.72620905
305548,30 The Queensway,M6R 1B5,-79.450101,43.63935849
305552,1901 Yonge St,M4S 1Y6,-79.39625279,43.69813094
305555,15 Roncesvalles Ave,M6R 2K2,-79.44597895,43.639355
305560,135 Queens's Plate Dr,M9W 6V1,-79.591922,43.716847
305611,250 College St,M5T 1R8,-79.39911766,43.65858395
305612,1001 Queen St W,M6J 1H4,-79.41808797,43.64403339
305626,550 University Ave,M5G 2A2,-79.38995787,43.6566702
305627,130 Dunn Ave,M6K 2R7,-79.43308635,43.63500813
305628,520 Sutherland Dr,M4G 3V9,-79.36971161,43.71848939
305629,399 Bathurst St,M5T 2S8,-79.40568848,43.65309479
305630,200 Elizabeth St,M5G 2C4,-79.38724521,43.65922378
305631,610 University Ave,M5G 2M9,-79.39040828,43.65812981
305635,199 Church St,M5B 1Y7,-79.3764973,43.65570305
305642,650 Church St,M4Y 2G5,-79.38320166,43.67032598
305648,3016 Dundas St W ,M6P 1Z3,-79.46994823,43.66566863
305656,1223 St Clair Ave W,M6E 1B5,-79.44499636,43.67724414
305744,76 Grenville St,M5S 1B2,-79.38737861,43.66151718
305754,521 Victoria Park Ave,M4C 5H1,-79.28762151,43.69007357
305756,796 Queen St E,M4M 1H4,-79.3469817,43.65984319
305763,523 St Clair Ave W,M6C 1A1,-79.41922714,43.68275595
305783,43 Wellesley St E ,M4Y 1H1,-79.38236404,43.66505072
305784,2075 Bayview Ave,M4N 3M5,-79.37787537,43.72193765
305787,625 Runnymede Rd,M6S 3A3,-79.4811296,43.66418224
305810,235 Danforth Ave,M4K 1N2,-79.35541069,43.67661645
305811,1 Bridgepoint Dr,M4M 2B5,-79.35521667,43.66617123
305812,600 University Ave,M5G 1X5,-79.3904451,43.65753641
305876,2163 Danforth Ave,M4C 1K2,-79.31076213,43.68595131
305878,1169 Dundas St W,M6J 1X3,-79.42167849,43.64921414
305889,300 B Spadina Ave,M5T 2E7,-79.398597,43.653225
305897,1640 Bloor St W,M6P 1A7,-79.45648976,43.65569199
305906,5115 Dundas St W,M9A 0B5,-79.53232245,43.6444585
305907,4972 Dundas St W,M9A 1B7,-79.53026381,43.64746815
305936,2399 Yonge St,M4P 2E7,-79.398698,43.710076
305943,275 Jarvis St,M5B 2C2,-79.37472278,43.65825351
305952,149 Roncesvalles Ave,M6R 2L3,-79.44789254,43.64383868
305963,137 Roncesvalles Ave,M6R 2L2,-79.44741597,43.64338363
305977,1408 Queen St W,M6K 1L9,-79.43458675,43.64128516
305978,401 Yonge St,M5B 1S9,-79.38187793,43.65939684
305979,1473 Queen St W,M6R 1A1,-79.43904248,43.63991205
305994,116 Glen Manor Dr,M4E 2X2,-79.29268722,43.67135331
305995,351 Queen St E,M5A 1T2,-79.36410727,43.65548145
305997,280 Spadina Ave,M5T 3A5,-79.39858542,43.65252442
306002,700 Bay St,M5G 1Z6,-79.38506644,43.65822397
306003,620A Bloor Street W,M6G 1K7,-79.41419218,43.66474353
306009,481 Bloor St W,M5S 1X9,-79.40712045,43.66576237
306027,119 Isabella St,M4Y 1P2,-79.37827545,43.66892503
306055,1188 Danforth Ave,M4J 1M3,-79.3325506,43.6815926
306063,2 St Clair Ave E,M4T 2T5,-79.39384854,43.68836503
306073,2867 Jane St,M3N 2J5,-79.51600246,43.75166009
306083,247 Coxwell Ave,M4L 3B4,-79.31897897,43.67261244
306092,1892 Davenport Rd,M6N 1B7,-79.45466145,43.67088747
306104,1466 Bathurst St,M5R 3S3,-79.41835028,43.68278015
306107,965 Jane St,M6N 4E1,-79.49716854,43.6808179
306121,4789 Yonge St,M2N 0G3,-79.41016374,43.76134607
306126,275 Dundas St W,M5T 1G1,-79.39045536,43.65430455
306148,557 Church St,M4Y 2E2,-79.38125154,43.66722285
306150,837 Danforth Ave,M4J 1L2,-79.34060358,43.67948166
306163,418 Eglinton Ave W,M5N 1A2,-79.4110623,43.70428571
306222,1062 Bloor St W,M6H 1M3,-79.43283394,43.6606846
306227,1860 Bayview Ave,M4G 0C3,-79.37793732,43.71415446
306230,200 Spadina Ave,M5T 2C2,-79.39733715,43.65030844
306254,2798 Dundas St W,M6P 1Y5,-79.46272553,43.66555763
306333,411 Jane St,M6S 3Z6,-79.4879254,43.65875137
306354,1400 Dupont St,M6H 2B2,-79.44748997,43.6667272
306362,1585 Markham Rd,M1B 2W1,-79.23767444,43.79223961
306374,285 Spadina Ave,M5T 2E6,-79.39761822,43.65323345
306380,1130 Bloor St W,M6H 1M8,-79.43509005,43.66011577
306385,149 Augusta Ave,M5T 2L4,-79.40108579,43.65266912
306397,193 College St,M5T 1P9,-79.394911,43.65867338
306401,85 Church St,M5C 2G2,-79.37493291,43.65170903
306439,1000 Bay St,M5S 3A8,-79.38791489,43.66540596
306454,1674 Dufferin St,M6H 3M1,-79.44325242,43.67748638
306458,225 Wellesley St E,M4X 1X8,-79.37273841,43.66732467
306487,2898 Lake Shore Blvd W,M8V 1J2,-79.504049,43.60121666
306491,1980 St Clair Ave W,M6N 0A3,-79.47061822,43.67220452
306510,2075 Bayview Ave,M4N 3M5,-79.37787537,43.72193765
306511,2075 Bayview Ave,M4N 3M5,-79.37787537,43.72193765
306523,849 Bloor St W,M6G 1M3,-79.42370445,43.66221359
306530,3537 Bathurst St,M6A 2C7,-79.43183397,43.72985147
306540,26 Dalhousie St,M5B 2A5,-79.3756738,43.65411902
306587,2408 Lakeshore Blvd W,M8V 1C4,-79.4891065,43.61480413
306593,572 Parliament St,M4X 1P8,-79.36963515,43.66752374
306612,1177 St Clair Ave W,M6E 1B5,-79.44345523,43.67762805
306613,550 Front St W ,M5V 3N5,-79.39957852,43.641419
306657,697 St Clair Ave W ,M6C 1B2,-79.42617949,43.68138466
306743,812 O'Connor Dr,M4B 2S9,-79.3128398,43.70596471
306759,461 Church St,M4Y 2C5,-79.3799896,43.66426421
306832,1176 St Clair Ave W,M6E 1B4,-79.44372733,43.67809792
306846,939 O'Connor Dr,M4B 2S7,-79.31064103,43.7079113
306858,2 Bloor St W,M4W 3E2,-79.38723329,43.67040902
